{
    "org:founded_by": 0.13157894736842105,
    "per:employee_of": 0.04878048780487805,
    "org:alternate_names": 0.0,
    "per:cities_of_residence": 0.3902439024390244,
    "per:children": 0.12195121951219512,
    "per:title": 0.17073170731707318,
    "per:siblings": 0.0,
    "per:religion": 0.6,
    "per:age": 0.21951219512195122,
    "org:website": 0.6296296296296297,
    "per:stateorprovinces_of_residence": 0.0975609756097561,
    "org:member_of": 0.0,
    "org:top_members/employees": 0.14634146341463414,
    "per:countries_of_residence": 0.024390243902439025,
    "org:city_of_headquarters": 0.04878048780487805,
    "org:members": 0.1,
    "org:country_of_headquarters": 0.024390243902439025,
    "per:spouse": 0.5853658536585366,
    "org:stateorprovince_of_headquarters": 0.0,
    "org:number_of_employees/members": 0.3333333333333333,
    "org:parents": 0.12195121951219512,
    "org:subsidiaries": 0.14634146341463414,
    "per:origin": 0.0,
    "org:political/religious_affiliation": 0.17391304347826086,
    "per:other_family": 0.0,
    "per:stateorprovince_of_birth": 0.2222222222222222,
    "org:dissolved": 0.4,
    "per:date_of_death": 0.16216216216216217,
    "org:shareholders": 0.17647058823529413,
    "per:alternate_names": 0.0,
    "per:parents": 0.3170731707317073,
    "per:schools_attended": 0.6,
    "per:cause_of_death": 0.8484848484848485,
    "per:city_of_death": 0.23809523809523808,
    "per:stateorprovince_of_death": 0.16666666666666666,
    "org:founded": 0.08,
    "per:country_of_birth": 0.0,
    "per:date_of_birth": 0.0,
    "per:city_of_birth": 0.7857142857142857,
    "per:charges": 0.8285714285714286
}
